Loan_id,Customer_id,Loan_amount,Interest_rate,Loan_start_date,Loan_end_date
1,2793,26417.37,3.89,07/17/20,08/25/20
2,2903,50334.29,1.5,06/05/23,07/28/25
3,3077,33661.2,1.72,04/17/20,03/23/22
4,2953,32650.75,1.71,05/09/23,01/21/26
5,1315,67631.63,4.17,05/11/21,02/14/24
6,1061,45164.26,1.92,01/31/22,11/08/22
7,52,74690.89,3.03,03/06/20,01/25/28
8,120,22829.12,2.52,04/22/23,07/28/28
9,2880,60934.33,4.27,04/28/21,07/04/27
10,3308,80586.79,1.86,12/25/21,05/02/22
11,2790,58671.74,3.88,02/23/20,11/27/28
12,3287,8704.99,3.64,07/09/20,09/30/21
13,1417,75605.89,1.53,12/16/21,12/02/22
14,2199,59154.45,3.33,06/29/23,10/03/29
15,1168,94350.81,3.73,08/01/21,10/21/21
16,1278,16731.02,4.9,07/13/22,10/27/23
17,1719,82447.53,1.94,09/27/21,04/21/24
18,3374,65410.31,4.97,06/14/22,10/04/27
19,1952,77787.22,4.86,07/25/23,03/19/28
20,102,16751.5,2.98,05/30/20,11/16/21
21,3311,78474.91,3.96,04/11/20,04/20/28
22,859,8639.99,3.35,05/19/21,05/08/26
23,3316,98072.19,4.48,02/25/21,04/16/22
24,16,95670.96,2.17,05/09/23,02/18/29
25,2361,97719.41,1.83,01/10/23,07/23/29
26,2416,9340.24,2.45,07/19/23,09/17/29
27,1305,95527.8,2.32,04/16/22,11/23/29
28,420,77053.81,2.11,09/21/21,07/08/22
29,1124,97990.25,2.83,08/15/20,12/24/24
30,1520,76301.61,2.24,09/18/22,10/08/29
31,751,65854.31,2.45,02/07/23,12/27/25
32,713,16614.14,3.35,03/17/20,01/14/22
33,2951,37528.15,4.66,03/16/20,04/24/26
34,2783,42928.36,4.82,11/23/23,07/21/24
35,1891,85428.22,3.98,05/04/23,11/06/27
36,19,51762.14,2.61,01/22/20,07/20/20
37,1424,54762.14,2.75,10/08/22,11/29/29
38,3343,94461.42,4.7,03/30/21,09/26/27
39,13,24753.13,3.41,01/02/20,01/21/24
40,1208,69705.42,4.56,03/17/20,10/30/25
41,1839,80087.42,3.68,08/26/20,12/10/26
42,3120,29231.25,3.42,03/18/20,09/05/20
43,13,9497.99,2.27,01/07/21,08/11/23
44,1646,25358.14,3.42,07/06/21,06/05/22
45,27,70592.61,2.65,08/18/20,11/06/27
46,125,66499.71,3.18,07/13/23,08/13/28
47,3006,21898.99,1.84,10/26/21,01/14/26
48,936,39940.95,4.28,09/19/20,01/29/27
49,404,51060.44,4.18,06/14/23,12/09/23
50,1199,69840.25,2.8,10/19/20,05/09/29
51,3204,52234.58,3.32,07/01/22,08/04/23
52,1717,86066.07,3.28,07/16/20,01/15/26
53,2943,5052.22,2.15,01/27/20,07/05/27
54,1817,79827.98,2.14,02/02/21,10/23/28
55,1539,32537.74,3.34,02/14/22,08/30/29
56,2294,73935.26,3.23,09/24/22,10/06/23
57,845,42438.94,2.25,06/21/22,12/29/27
58,2619,50144.23,2.73,12/28/21,03/31/23
59,1324,28251.05,3.85,06/30/22,05/22/26
60,1183,82328.01,2.75,02/09/20,03/12/25
61,228,81342.34,2.98,10/07/21,04/15/26
62,1289,96270.95,4.85,06/11/20,04/18/26
63,2467,91441.35,2.04,10/26/22,10/10/29
64,1355,15984.35,1.6,12/21/19,10/22/26
65,721,96358.01,3.95,11/26/20,09/24/28
66,1452,14038.59,3.59,03/06/20,01/02/29
67,1918,12781.08,2.79,02/03/20,04/03/29
68,1884,89131.02,4.62,02/28/20,07/15/27
69,1972,77458.93,4.16,02/12/22,02/25/28
70,141,90382.73,3.28,05/28/20,05/18/26
71,2676,22407.63,4.71,03/06/21,12/14/26
72,1986,5891.57,4.76,03/06/23,11/10/28
73,2746,21990.23,3.17,11/02/20,07/16/29
74,1134,15643.81,4.65,05/01/21,10/25/29
75,1177,79532.82,3.67,11/01/20,04/04/27
76,2818,48380.6,2.64,11/16/20,10/26/28
77,2368,61972.08,3.76,11/20/21,03/05/26
78,2323,88905.39,3.34,04/09/22,08/06/27
79,3369,49307.13,4.64,08/23/20,12/12/28
80,1212,9606.14,4.15,12/28/19,06/05/24
81,100,57132.4,3.85,07/22/21,02/07/24
82,1436,96771.18,4.96,01/11/21,02/06/26
83,1703,32052.98,1.82,02/10/20,03/07/23
84,1719,29192.61,2.04,11/28/20,12/08/27
85,441,37183.93,2.36,07/02/21,10/07/27
86,1928,61269.68,2.35,08/21/21,05/26/29
87,1533,69799.81,4.98,10/12/23,03/20/25
88,1095,73049.75,2.67,12/05/22,05/20/27
89,356,19011.77,3.48,01/10/21,01/18/26
90,1560,16286.28,2.95,08/21/23,11/25/24
91,408,43234.8,4.88,10/13/21,12/08/22
92,3070,26642.35,4.72,07/25/20,07/16/29
93,1070,8109.9,2.84,10/01/23,03/01/26
94,70,53123.29,3.54,07/27/21,10/25/25
95,1081,6425.69,2.75,06/13/20,08/06/22
96,3297,96826.46,1.62,02/22/20,07/25/23
97,1748,58100.49,2.92,02/19/22,10/23/23
98,3349,21919.88,2.19,01/08/21,04/14/21
99,2655,66040.03,2.61,09/30/20,02/20/28
100,967,66919.64,3.98,10/08/22,08/18/25
101,1126,42422.69,4.48,06/08/21,04/30/27
102,2701,90756.8,2.71,02/28/22,10/22/24
103,2098,38680.99,2.27,10/15/23,01/27/26
104,82,40515.03,2.13,12/29/19,09/16/26
105,2356,71222.47,2.31,12/04/20,01/27/28
106,1631,96650.64,4.84,12/30/22,09/29/23
107,610,98062.94,2.39,05/17/21,04/07/28
108,2229,99243.67,1.69,12/25/20,06/20/22
109,2336,96335.08,3.72,06/24/21,04/28/23
110,3149,12599.15,2.37,10/14/21,10/09/25
111,3081,99825.18,4.9,06/27/23,02/05/29
112,416,74954.77,4.79,12/27/19,01/06/23
113,1237,69278.73,2.81,07/10/22,12/06/23
114,1268,34259.16,3.61,05/24/22,10/22/29
115,47,65044.76,2.53,11/16/23,06/09/26
116,3089,65738.19,2.99,04/27/22,07/31/27
117,1985,55406.42,4.62,04/17/22,12/10/23
118,168,35136.91,3.91,06/17/23,11/04/24
119,516,58072.17,3.06,11/25/20,11/04/27
120,666,77279.98,2.07,01/13/21,04/04/22
121,2525,64580.44,2.4,10/23/22,02/23/23
122,1455,46028.17,2.84,09/14/23,11/06/28
123,3297,67991.21,3.94,11/28/21,03/22/28
124,2857,99928.73,1.61,03/10/22,10/15/23
125,2023,10987.61,3.17,11/26/23,02/04/28
126,199,34416.63,4.44,07/19/20,09/04/27
127,2804,37946.23,1.86,06/30/22,02/27/29
128,1214,74539.96,4.1,06/16/22,12/03/28
129,2238,92138.73,1.56,01/06/21,07/16/22
130,1848,91580.78,1.63,09/29/23,12/06/27
131,1455,83961.04,4.91,02/11/21,01/11/26
132,3315,39141.41,4.24,12/04/22,03/08/27
133,1745,41822.74,4.39,08/29/22,11/10/27
134,783,94744.38,3.47,07/15/23,06/18/27
135,931,79627.07,4.52,04/10/21,01/11/28
136,1602,71626.17,4.24,12/07/22,08/19/24
137,718,55831.61,3.46,01/15/21,08/28/28
138,1007,79775.79,2.93,05/30/21,03/02/26
139,101,51887.66,4.72,09/01/22,11/28/28
140,2268,36114.07,3.4,04/24/21,07/23/24
141,2691,20500.82,2.12,06/03/21,04/25/25
142,561,32525.5,1.8,07/29/22,12/17/22
143,302,90815.91,1.81,08/02/21,08/12/26
144,2487,13708.61,2.66,12/03/19,01/20/22
145,1840,86417.78,2.69,08/02/22,08/23/22
146,787,48662.19,4.08,10/16/20,08/01/23
147,128,27404.02,2.38,04/15/21,04/12/27
148,776,22713.43,3.29,11/22/20,01/01/21
149,3004,23481.39,3.74,11/17/23,08/05/27
150,2291,81799.72,2.81,05/21/22,02/25/23
151,1425,97716.61,4.69,05/25/21,09/25/25
152,1982,35596.64,2.29,09/26/21,09/24/26
153,115,51347.87,3.83,06/26/23,11/20/27
154,3094,72246.25,2.98,06/29/21,08/25/22
155,1218,74014.83,3.35,10/30/20,05/29/22
156,3164,40944.37,2.55,02/17/20,03/17/21
157,2560,52100.64,4.26,05/27/22,10/05/23
158,2416,23640.68,4.09,08/15/21,08/04/22
159,49,82438.4,4.33,06/25/20,01/16/24
160,2344,31841.56,2.28,02/27/21,04/20/23
161,1056,32603.26,3.01,01/13/22,03/10/27
162,666,60363.92,1.72,11/10/23,05/19/28
163,767,50204.85,1.5,05/27/23,10/04/25
164,152,39191.7,4.47,01/07/23,08/17/28
165,1151,90168.73,3.81,06/05/20,10/30/27
166,1221,68758.78,1.54,05/02/21,07/01/28
167,2297,63484.12,4.35,06/26/21,09/16/22
168,1722,96132.92,4.04,06/27/22,02/13/27
169,3395,65465.01,1.96,11/22/22,10/13/29
170,2728,75823.72,1.52,02/22/20,10/22/22
171,2285,66271.84,1.57,09/24/23,04/14/28
172,1782,31378.5,2.4,07/23/20,06/20/27
173,3291,18902.84,1.71,12/22/22,01/09/27
174,656,31928.35,3.85,07/24/23,08/01/23
175,2815,25239.16,4.63,10/27/22,06/22/26
176,604,84567.26,4.31,09/11/20,08/21/27
177,3024,8748.56,1.66,01/28/21,10/03/22
178,2892,65291.35,2.86,11/09/23,08/10/28
179,1637,24324.71,4.32,07/18/22,01/25/28
180,1788,59422.6,1.52,06/26/21,05/31/29
181,3016,35766.89,3.18,08/30/22,03/14/25
182,1268,72577.98,4.2,04/25/21,07/01/29
183,1406,62002.43,3.12,05/12/22,05/02/26
184,2768,50989.7,4.31,07/12/20,07/27/27
185,467,34011.9,2.19,10/12/21,08/02/28
186,1517,42804.32,2.73,01/07/20,01/09/20
187,1850,48007.03,4.7,12/28/20,06/11/24
188,1229,16150.6,1.82,04/27/23,06/04/24
189,1200,89267.53,3.27,12/09/21,07/23/24
190,3007,62001.59,4.79,08/01/20,02/12/28
191,824,84753.17,1.55,10/20/21,11/29/23
192,936,64991.33,2.12,01/13/23,10/13/24
193,762,85123,4.36,01/07/23,08/21/27
194,2674,35100.66,1.99,04/28/20,08/14/27
195,1819,23600.34,2.33,12/12/22,05/31/23
196,2502,63845.42,2.32,03/02/21,11/18/27
197,1820,88112.89,2.54,01/01/23,01/10/24
198,118,33908.67,5,05/04/22,07/14/28
199,3297,72172.44,2.9,05/05/22,06/12/22
200,738,97298.01,1.52,03/30/23,09/23/27
201,883,45100.44,4.91,02/19/21,06/23/21
202,1478,21629.6,4.47,11/13/20,05/02/25
203,2781,61621.83,1.54,07/10/21,03/06/29
204,1859,97760.41,4.94,06/05/21,10/25/23
205,493,65506.43,2.34,06/04/20,08/02/28
206,1786,30403.04,2.33,01/02/20,09/08/21
207,842,15205.03,3.41,07/03/21,05/31/24
208,494,82183.89,1.84,07/07/23,03/30/27
209,3289,29931.65,3.89,10/14/21,05/06/25
210,2181,63571.15,4.84,02/17/20,09/09/28
211,3398,95273.35,2.79,01/05/20,05/01/21
212,1550,40163.1,1.71,03/20/21,03/19/28
213,999,28600.49,3.13,12/14/19,07/30/23
214,2585,15738.34,2.43,04/22/20,05/13/29
215,1763,96860.5,2.78,11/10/21,08/09/25
216,1390,74255.68,3.42,12/17/22,09/15/28
217,2686,30299.35,4.26,02/12/23,06/06/26
218,1972,79376.53,3.62,09/16/23,06/07/25
219,1641,75356.6,4.66,08/21/21,10/31/27
220,465,38000.2,1.83,03/01/23,12/31/26
221,3166,9613.35,3,08/10/20,12/25/24
222,2783,46149.68,4.66,02/11/23,08/25/27
223,1062,14310.28,1.77,08/19/20,05/15/26
224,3278,41449.54,3.31,02/21/22,10/31/26
225,2151,37274.5,4.59,02/19/21,04/17/28
226,3163,71449.06,4.07,07/19/23,09/13/29
227,3018,18074.47,2.35,05/26/23,11/08/27
228,1783,89320.02,4.36,05/20/20,01/10/26
229,2777,71809.08,3.75,12/30/22,04/06/28
230,2623,97506.31,4.7,07/25/23,10/12/28
231,1001,62634.66,3.85,04/29/22,12/08/26
232,1416,43573.67,4.06,11/27/20,09/10/22
233,2842,90255.48,2.07,05/14/23,02/17/27
234,1036,86060.19,1.74,12/29/21,06/05/29
235,2001,55846.66,4.53,11/22/20,11/23/23
236,230,58648.86,4.05,01/21/20,03/18/23
237,1529,51703.99,4.72,05/26/22,02/14/25
238,1319,76882.71,4.26,07/27/20,07/12/23
239,2741,9287.92,1.73,06/07/23,07/06/29
240,1094,50683.29,4.58,11/03/20,04/04/29
241,1306,75041.8,1.88,01/19/22,09/18/22
242,25,79488.41,3.56,12/18/22,12/14/25
243,2466,64683.85,1.61,10/17/23,11/03/25
244,2712,80539.49,2.37,10/18/22,09/09/27
245,407,39363.89,1.87,03/28/23,11/15/23
246,3243,42408.88,1.72,04/06/21,06/02/29
247,2214,83652.28,3.42,08/12/23,10/15/28
248,840,66347.13,3.09,04/27/22,12/16/28
249,2073,91284.37,2.86,10/19/20,06/07/27
250,1238,71003.75,1.77,03/25/21,01/16/24
251,1613,15190.77,4.34,07/24/23,01/21/24
252,2809,58545.04,2.44,07/26/21,04/14/26
253,3234,8170.19,1.55,08/01/23,05/20/25
254,1399,12925.3,4.49,11/07/21,07/30/28
255,1212,91006.95,3.44,02/19/23,05/01/24
256,2361,28318.21,3.61,08/25/21,08/24/25
257,3370,7145.01,2.73,12/16/22,07/18/25
258,3383,41995.73,2.92,08/31/23,09/28/28
259,1891,70882.42,4.46,09/26/23,11/13/23
260,1005,30620.15,2.23,01/15/23,08/14/28
261,581,64944.36,1.86,10/15/23,12/31/28
262,2759,37744.37,3.1,11/17/22,11/17/25
263,88,46714.89,4.7,07/08/21,03/28/25
264,895,75192.81,4.48,09/22/23,06/30/24
265,2387,68375.36,2.59,09/21/21,11/19/28
266,1524,12332.56,1.7,05/06/22,11/06/22
267,1399,14015.67,4.35,02/07/20,07/03/26
268,1884,64746.74,2.85,01/20/23,01/14/26
269,2248,90139.09,3.77,03/29/20,01/31/25
270,195,86542.8,1.62,05/03/22,03/29/25
271,1689,36893.44,2.68,02/29/20,03/24/29
272,2070,65569.59,4.03,10/04/21,05/24/29
273,1510,47881.53,2.25,07/11/20,05/20/21
274,1841,9396.89,4.42,03/10/20,04/23/25
275,2998,89237.78,3.93,04/27/20,10/07/24
276,2363,50555.35,2.74,10/25/23,07/12/27
277,2805,48633.74,1.94,06/25/22,07/31/23
278,119,87605.22,3.23,05/17/21,12/04/23
279,3020,40948.15,4.08,01/12/21,01/19/21
280,2964,53878.37,3.83,05/20/21,08/17/29
281,2269,87349.98,4.44,04/17/22,05/10/29
282,1070,70763.48,2.49,08/31/22,12/03/25
283,2160,87341.23,3.76,12/29/20,07/18/22
284,2584,10960.78,2.13,06/02/23,08/19/25
285,2547,92053.4,4.54,07/03/22,02/05/29
286,967,73014.96,3.24,09/03/23,05/24/29
287,3079,96445.71,4.7,12/23/20,03/03/23
288,3346,85116.37,2.14,02/26/20,05/01/29
289,2875,99338.71,3.85,04/13/21,08/01/24
290,1240,33296.43,2.99,04/19/21,05/28/21
291,765,18265.75,3.52,05/26/21,07/01/27
292,464,27666.57,1.66,10/02/20,01/30/23
293,2584,88587.31,2.78,03/21/21,07/02/28
294,3044,89154.67,4.29,11/14/22,10/08/27
295,2623,75969.73,1.85,11/24/22,01/02/28
296,2738,54289.7,1.98,07/16/20,06/13/29
297,543,31998.54,3.06,01/08/20,09/19/26
298,1260,44954.37,4.91,03/08/23,10/02/28
299,2786,44308.35,3.59,08/03/20,01/02/23
300,1318,77751.6,3.07,09/16/20,01/03/22
301,285,35368.09,1.89,11/29/20,11/22/25
302,1370,85525.15,2.59,09/30/23,02/29/28
303,1239,35715.96,2.68,12/09/22,03/13/23
304,1138,49138.03,2.66,01/14/22,01/16/28
305,783,62375.45,2.05,03/15/22,10/27/23
306,2852,85935.13,4.53,07/17/20,12/07/22
307,283,52346.4,4.83,02/27/23,07/16/29
308,1029,24246.82,2.62,09/23/21,07/25/24
309,2946,14267.1,2.59,06/03/22,05/26/26
310,3156,23002.52,3.04,01/17/20,07/21/24
311,1712,73545.64,4.2,08/11/20,08/30/21
312,2791,89245.43,4.04,07/16/20,11/19/23
313,3202,90221.29,3.31,09/27/22,02/28/29
314,831,72448.69,1.57,05/24/20,06/20/22
315,169,8771.6,3.01,12/19/21,08/10/27
316,3081,74109.38,3.89,11/18/23,11/19/25
317,2034,22077.42,4.96,11/16/22,03/18/29
318,3024,40689.01,1.89,11/04/20,11/29/20
319,1168,93031.93,3.96,01/03/23,11/28/24
320,2716,29664.53,2.77,01/20/21,11/19/22
321,1892,89261.61,4.9,08/27/22,07/09/24
322,1662,27703.67,3.95,04/27/23,05/27/24
323,2421,25446.91,2.51,12/03/19,05/04/29
324,1800,25768.79,3.21,02/10/20,11/14/26
325,1822,28878.24,4.98,11/27/21,08/28/28
326,2309,66334.97,3.24,09/16/20,09/28/22
327,348,68022.13,4.5,05/09/20,08/27/25
328,142,20196.48,1.99,06/26/20,07/07/23
329,793,69257.39,2.47,08/31/20,11/23/28
330,3119,97329.25,2.26,12/31/20,10/30/24
331,2219,44907.32,2.94,01/23/21,01/05/27
332,363,92770.81,3.84,01/19/23,03/29/24
333,774,71985.37,3.71,02/25/23,11/10/23
334,3341,66560.14,4.33,10/10/20,08/03/28
335,679,99850.01,3.45,09/21/21,04/16/24
336,929,23273.25,2.96,07/17/21,09/14/25
337,1759,79790.26,1.53,12/22/21,08/30/23
338,1127,38285.18,2.51,04/09/21,10/15/27
339,1666,64748.41,2.83,12/24/22,03/11/27
340,2676,61469.24,4.3,10/04/23,12/30/25
341,1529,17615.46,3.56,10/17/23,01/03/24
342,1585,32914.72,3.91,02/05/22,03/27/25
343,718,97266.51,2.02,09/20/20,10/25/27
344,1340,43051.95,1.88,10/04/21,03/17/28
345,1227,29579.54,4.6,03/08/20,02/01/24
346,3389,7095.99,2.93,12/18/21,05/04/29
347,1344,92030.62,2.88,07/11/22,08/22/28
348,494,23466.5,2.68,03/16/22,05/26/29
349,52,7018.12,4.89,07/26/21,09/22/23
350,2073,17116.48,4.04,08/03/20,09/09/25
351,2069,34358.23,2.2,10/30/21,05/11/29
352,1162,44605.23,4.25,02/17/21,09/24/29
353,1919,44002.78,3.44,06/13/21,11/13/27
354,2267,92888.81,2.49,09/06/21,08/23/26
355,192,34891.65,2.41,03/07/23,10/27/28
356,612,48399.5,4.38,06/27/21,07/15/24
357,2814,44591.99,2.69,02/25/20,03/06/25
358,718,43169.16,4.89,09/05/20,08/08/21
359,2599,65751.29,2.49,05/26/22,03/26/26
360,3086,28742.57,2.02,10/13/21,11/08/25
361,1736,31473.41,2.87,04/07/22,11/01/29
362,1908,71722.05,3.02,01/27/23,10/31/24
363,804,65779.97,3.97,05/20/23,05/20/25
364,1084,95287.55,2.28,12/26/20,09/28/29
365,1953,67637.56,2.97,11/27/22,07/17/26
366,1247,58217.31,3.95,06/29/21,02/07/26
367,3361,99787.3,3.62,09/24/23,09/07/27
368,3265,5237.84,2.55,02/25/22,09/21/24
369,400,9563.54,1.84,12/25/21,07/24/27
370,812,78873.42,3.46,05/14/21,09/15/24
371,2034,13549.95,2.99,06/12/20,01/27/28
372,2883,42439.68,3.61,07/23/21,09/07/29
373,529,76340.72,4.87,07/23/23,03/16/29
374,238,50336.44,4.19,06/03/23,11/23/27
375,1592,83786.02,2.68,07/03/23,09/14/25
376,1289,69537.43,2.54,09/18/21,08/12/22
377,705,55857.16,1.74,09/06/21,11/30/21
378,3318,98406.47,1.7,07/17/20,06/30/29
379,1510,54469.6,4.17,04/11/22,06/20/28
380,942,67481.11,2.92,12/09/19,12/13/25
381,3008,86281.88,4.42,10/10/21,06/03/24
382,2720,13014.38,4.06,05/25/23,10/25/25
383,224,89776.34,4.26,10/03/20,09/20/23
384,2580,96009.23,4.89,03/10/21,03/11/27
385,2514,92915.65,3.06,09/08/22,08/20/28
386,1609,5653.56,3.14,08/30/22,04/25/25
387,2517,35414.35,3.84,11/07/21,04/05/26
388,1409,13929.14,3.68,12/23/20,05/24/27
389,3240,97209.1,4.1,06/17/21,03/03/24
390,1253,83756.19,2.32,12/18/21,12/12/25
391,2720,44558.51,2.56,03/26/23,04/21/25
392,2166,86757.93,1.59,07/21/23,04/04/26
393,1487,68313.26,1.78,05/24/20,11/04/28
394,2791,37964.28,4.62,06/24/20,09/10/20
395,206,21085.4,3.68,07/24/23,12/01/25
396,2472,10678.91,2.89,06/09/20,10/15/21
397,2205,83927.93,1.8,10/13/23,07/02/26
398,2862,11073.42,3.8,01/07/22,07/11/29
399,1105,75025.9,4.32,10/09/23,04/02/27
400,1598,65226.3,3.97,01/18/22,09/09/27
401,1311,64335.65,4.42,07/05/23,05/28/28
402,1282,75108.95,4.39,10/17/20,02/14/28
403,1890,48036.62,3.62,08/06/22,11/10/27
404,2138,94497.62,4.38,08/21/23,04/21/28
405,2332,70398.85,2.41,01/02/22,10/21/28
406,75,54283.23,4.22,12/19/19,01/13/21
407,2672,7184.74,2.74,05/25/22,11/11/22
408,2846,8624.51,3.89,05/28/23,06/30/28
409,831,19896.39,4.34,02/14/23,12/13/28
410,2276,42978.47,4.47,01/31/21,01/01/22
411,2461,44445.8,2.88,01/10/20,01/17/22
412,404,57257.1,1.53,06/11/20,02/09/25
413,3043,19780.1,4.99,06/14/21,01/31/26
414,2451,84026.01,4.59,11/22/23,07/27/24
415,2836,46297.05,2.03,04/28/20,12/10/28
416,57,36130.4,3.98,12/04/19,07/16/24
417,2630,27574.68,2.63,08/15/23,08/19/29
418,1361,38179.3,2.1,03/17/22,01/14/25
419,2054,50699.98,4.93,12/30/20,02/02/23
420,3092,71344.24,1.72,11/13/20,08/01/21
421,1487,76390.19,1.53,05/03/23,10/20/25
422,1559,87598.1,2.25,05/14/21,01/01/27
423,2104,87355.23,1.73,02/27/21,03/28/24
424,3164,66517.86,3.42,09/13/22,01/29/27
425,671,8473.16,4.06,09/22/21,07/21/25
426,550,76835.44,4.43,04/14/22,09/18/25
427,1913,96353.7,3.31,01/25/22,05/23/23
428,2685,43318.47,3.79,07/18/22,12/16/26
429,1200,21745.93,4.44,12/10/20,01/25/21
430,3395,36199.32,3.76,11/12/21,11/28/29
431,3249,52868.71,3.29,06/07/23,07/10/25
432,1536,26909.53,4.96,04/25/22,02/14/29
433,642,41201.46,4.34,08/11/23,05/17/27
434,135,53119.91,4.2,12/07/19,05/22/24
435,2545,90939.2,3.53,05/22/20,06/16/28
436,189,45379.24,2.98,07/31/20,11/22/21
437,3207,8585.35,2.38,08/18/20,02/17/28
438,1824,50433.31,2.71,03/10/21,03/18/21
439,1263,32629.64,3.23,04/11/23,09/05/26
440,3392,9352.37,2,11/29/21,01/02/22
441,2391,12670.64,4.75,05/07/20,12/09/25
442,69,95325.39,1.85,12/21/20,09/15/25
443,4,35481.09,1.51,01/22/22,06/28/28
444,2854,94107.82,2.05,08/06/22,08/20/22
445,1699,98613.08,2.12,02/13/23,03/23/25
446,1888,20779.56,2.47,03/14/22,11/11/26
447,1415,86936.9,3.15,06/09/23,10/12/25
448,1131,18939.94,2.21,02/10/22,04/30/27
449,2200,54401.32,4.8,01/24/21,01/31/22
450,3294,84451.75,3.31,09/30/21,09/09/26
451,2074,82667.96,4.3,03/12/23,01/23/25
452,2804,45234.81,1.5,07/31/21,11/13/26
453,156,50312.95,1.77,11/10/23,10/26/28
454,36,56047.32,2.46,02/14/20,06/25/26
455,1184,37655.49,1.55,08/22/21,03/13/29
456,3380,72684.67,3.56,02/07/21,09/22/27
457,2276,56118.94,4.5,06/01/22,07/31/27
458,682,99140.24,1.65,01/22/22,10/07/22
459,1881,60429.13,1.7,06/21/23,08/18/24
460,493,22866.81,4.82,03/25/21,05/08/26
461,1745,17546.19,3.46,09/11/21,09/10/26
462,2502,22446.28,2.73,08/17/22,09/21/22
463,2688,18753.9,4,12/26/19,04/05/25
464,2189,83334.82,4.58,04/24/23,03/23/29
465,3371,49003.4,4.45,05/22/21,08/23/26
466,714,18249.18,3.74,01/06/20,08/02/23
467,550,47580.71,4.49,10/05/20,06/29/23
468,1675,25664.85,4.81,03/17/20,03/12/23
469,2512,34061.26,4.42,06/06/23,05/02/27
470,116,65710.82,3.31,04/26/23,03/13/28
471,1323,61296.38,3.43,07/02/21,02/01/24
472,1533,73938.58,4.08,01/30/23,04/15/24
473,2017,58656.76,2.97,04/10/20,12/10/24
474,1884,37591.61,3.57,04/15/20,01/10/22
475,2986,21319.16,4.4,11/01/21,12/28/27
476,3328,70792.32,4.47,05/18/23,11/29/27
477,701,11103.82,2.92,07/20/20,06/07/26
478,2166,35555.14,1.61,06/16/22,08/28/25
479,2682,76460.21,3.89,06/25/21,12/19/25
480,33,95141.99,3.26,02/02/21,06/05/21
481,2759,74623.41,3.22,03/26/20,06/13/20
482,40,99242.72,3.54,09/14/22,01/28/26
483,3179,50406.03,1.99,03/26/20,03/05/28
484,2094,88988.54,2.22,05/27/20,03/25/28
485,1344,9277.47,4.64,10/22/21,12/17/21
486,1282,85562.14,3.38,12/03/19,07/07/28
487,1577,12012.35,2.53,12/17/22,09/24/27
488,1731,10242.45,4.28,01/21/23,10/04/28
489,3309,40171.52,2.17,08/27/22,04/19/29
490,44,99828.42,4.55,11/21/20,10/18/24
491,1770,65625.32,4.13,06/09/23,06/01/25
492,66,10899.52,4.23,02/04/22,06/13/26
493,277,25236.27,1.81,02/22/21,10/28/28
494,1062,82291.45,1.71,06/04/21,05/27/27
495,1595,60849.51,2.62,07/19/22,07/10/26
496,178,83346.95,3.45,06/25/21,08/28/26
497,4,14345.07,3.43,05/19/20,05/28/26
498,2196,59890.24,4.43,01/02/22,09/21/22
499,513,9891.08,4.24,07/16/22,12/05/27
500,1121,41371.84,3.24,04/26/20,06/08/24
501,709,9358.69,3.82,09/05/22,08/29/27
502,1139,74704.7,3.86,09/07/21,02/15/24
503,2014,87197.53,2.79,05/24/23,05/09/28
504,1953,16649.27,1.69,09/02/21,11/07/23
505,370,64351.67,4.46,01/24/23,10/01/23
506,1935,6828.93,2.49,01/28/23,06/13/24
507,857,55565.86,3.52,04/02/20,06/05/26
508,1132,77591.43,3.3,04/07/22,02/02/23
509,2491,46224.52,3.43,12/20/21,04/24/27
510,1726,53156.74,2.94,09/23/20,03/01/28
511,1818,60052.87,4.43,09/11/21,04/27/29
512,2442,87868.18,4.54,03/31/21,08/17/22
513,3055,48511.23,4.07,03/25/20,06/01/29
514,669,19236.68,3.95,04/03/23,09/20/23
515,2535,37043.19,1.82,04/21/21,06/11/21
516,2879,19530.41,2.17,07/01/22,12/29/27
517,3204,65197.45,4.85,03/07/23,03/01/25
518,1535,52103.99,2.18,10/28/21,09/03/29
519,3047,76671.37,1.66,08/29/20,12/02/26
520,1686,60860.5,2.41,12/02/22,03/14/28
521,2984,91662.77,4.19,05/17/20,08/25/24
522,670,38715.64,4.78,09/11/22,03/17/28
523,971,13337.93,2.77,08/10/20,03/29/22
524,81,17537.67,2.55,10/30/20,05/22/24
525,467,17385.72,4.4,03/18/21,07/07/29
526,2485,23939.84,4.54,03/28/23,04/23/23
527,2986,20154.03,4.17,07/19/23,04/13/28
528,3141,31341.66,1.89,01/08/21,08/23/23
529,401,98285.82,1.63,10/28/21,03/17/24
530,1831,43720.07,2.71,02/12/21,10/22/22
531,392,67961.98,4.82,09/19/23,05/22/28
532,1075,92430.28,2.26,12/17/21,11/20/25
533,434,70390.04,3.67,05/23/22,12/25/23
534,2381,48064.11,2.84,06/01/20,07/23/27
535,123,79162.27,2.07,07/08/20,03/30/23
536,3189,45828.11,2.07,05/07/23,09/20/28
537,1291,60040.26,4.56,06/13/23,09/28/24
538,1510,19262.9,3.22,07/18/23,04/25/24
539,2986,49784.02,2.93,05/14/20,01/03/29
540,2448,49372.82,3.93,01/16/21,06/27/29
541,2242,34105.74,3.86,07/26/22,09/05/22
542,2152,57940.94,4.64,03/08/23,02/08/26
543,766,6411.94,2.96,08/27/22,02/19/29
544,737,56620.51,2.09,09/04/22,10/15/28
545,1718,63107.88,2.22,02/28/22,08/18/24
546,839,67207.91,4.72,07/07/20,10/12/23
547,1679,39698.21,3.5,12/12/22,06/08/28
548,824,16018.18,1.96,04/13/20,01/08/22
549,2552,84476.01,2.64,10/12/20,09/21/26
550,2091,75833.52,2.05,07/03/21,09/11/23
551,1909,50570.57,1.93,08/17/21,03/08/22
552,3261,53915.43,1.59,02/19/20,12/06/21
553,2352,7354.19,3.43,09/23/21,02/23/29
554,1561,97799.78,3.37,08/15/23,02/17/29
555,1482,77154.83,2.08,11/06/22,02/10/25
556,1414,38471.56,3.35,09/27/22,03/13/25
557,3390,64135.89,2.76,02/18/22,05/12/23
558,1977,86181.85,2.35,07/05/22,04/08/27
559,2970,36046.24,4.68,11/16/21,04/25/22
560,1982,60826.92,3.65,01/18/22,02/12/23
561,3064,77972.41,2.2,06/14/22,04/06/24
562,428,80620.67,2.53,04/18/22,05/25/27
563,203,15540.83,2.15,07/26/23,02/08/24
564,3323,41703.94,4.07,02/28/22,01/21/28
565,1930,46494.81,1.78,06/04/20,01/25/22
566,2665,73500.92,2.71,01/02/20,05/31/22
567,3245,35219.22,2.41,10/25/23,07/31/29
568,600,94505.41,4.45,07/23/21,04/27/25
569,601,39141.89,2.66,10/17/22,06/27/24
570,2204,80964.48,4.25,05/03/23,11/28/23
571,2233,96181.26,3.88,11/17/22,06/23/27
572,584,8260.7,1.88,11/13/21,05/22/23
573,2987,22319.29,2.46,03/07/21,05/20/23
574,303,95458.43,1.76,10/04/21,05/15/24
575,400,73699.56,3.38,03/18/23,05/18/23
576,1559,60586.16,3.79,09/13/21,05/23/27
577,1190,38297,3.51,02/29/20,12/07/23
578,1397,66166.21,4.31,09/17/23,02/17/26
579,1224,82262.07,2.23,09/18/23,10/26/26
580,2413,53116.15,4.96,05/16/20,11/09/29
581,3076,87785.73,2.22,06/11/20,06/26/27
582,1951,75154.53,3.83,06/08/22,05/10/26
583,786,87558.59,3.36,01/09/20,03/30/25
584,469,90449.07,4.73,07/04/21,10/19/28
585,2610,68720.25,3.01,02/05/21,02/22/24
586,30,69374.38,3.22,04/01/22,11/30/22
587,223,44826.15,4.2,05/09/21,05/30/22
588,2759,55955.33,3.27,07/23/20,05/23/29
589,2578,58521.77,4.16,07/01/20,05/30/26
590,570,32598.99,4.97,02/27/22,01/05/24
591,261,75071.06,3.9,03/12/23,03/01/27
592,220,23125.6,3.6,04/25/22,02/26/23
593,3373,93223.89,3.98,05/04/22,11/21/29
594,306,25099.75,2.95,10/22/21,05/15/24
595,2693,17699.51,3.55,11/04/23,03/29/27
596,2963,87122.05,2.87,07/20/20,06/19/21
597,1758,23396.86,3.88,08/16/20,04/03/21
598,1150,28030.11,2.86,07/28/22,10/20/26
599,2274,18716.9,2.08,06/12/20,02/16/22
600,1564,10726.2,3.1,03/15/20,10/18/29
601,2385,51389.03,3.9,08/31/23,11/15/26
602,1471,19991.78,3.38,02/06/21,07/14/23
603,238,79321.93,3.12,10/20/20,05/04/22
604,487,60802.15,1.85,08/10/21,11/16/22
605,370,92558.27,1.83,11/30/20,01/27/23
606,1634,57278.48,3.09,03/26/22,02/06/27
607,1169,23248.53,2.11,03/24/21,07/25/28
608,209,61728.31,1.88,12/31/19,03/11/20
609,542,95867.77,2.26,07/22/22,08/21/28
610,1136,41273.62,3.82,01/20/21,07/12/25
611,749,16158.9,4.51,01/23/22,12/06/25
612,3120,43014.72,1.76,02/16/22,07/08/23
613,3100,64269.31,1.76,08/28/22,01/12/23
614,867,58821.23,3.83,12/07/21,11/13/27
615,2550,17236.06,4.15,03/19/20,04/16/25
616,206,59164.52,3.04,06/13/21,07/18/27
617,2112,15865.78,3.07,02/01/22,07/24/29
618,2780,41295.66,4.96,07/24/21,01/04/26
619,3191,64560.29,1.95,02/07/20,11/26/26
620,2305,8293.07,2.63,05/13/21,09/02/26
621,1375,98641.95,3.86,06/11/22,12/12/23
622,2086,40531.38,4.02,01/19/21,07/01/22
623,1140,76394.07,4.77,06/28/21,04/15/25
624,3277,98320.67,4.79,01/09/21,02/27/28
625,2738,22615.33,3.23,06/03/23,06/30/29
626,1059,6759.54,1.97,01/31/22,06/02/26
627,1914,88789.77,3.68,05/19/22,04/15/29
628,917,98942.42,2.53,08/20/21,08/23/28
629,1045,33246.14,1.94,12/31/22,03/24/24
630,3050,79387.49,4.19,01/15/23,02/20/24
631,134,6974.41,4.89,05/17/23,08/08/28
632,1402,49750.1,2.1,11/14/22,02/02/27
633,3321,38278.56,3.32,11/09/21,12/02/27
634,870,59908.28,3.43,04/02/23,05/03/28
635,343,86217.39,3.31,10/09/20,03/25/21
636,3302,46863.89,4.01,12/30/19,09/24/27
637,3281,37972.97,2.84,06/28/20,12/15/20
638,1699,51758.55,3.53,05/16/23,09/05/25
639,2366,51025.17,3.68,01/27/23,08/11/26
640,1184,61735.54,1.69,08/24/23,11/29/27
641,2721,92362.92,4.22,09/21/21,10/15/22
642,35,87292.03,2.83,01/03/22,07/20/28
643,3300,78700.2,2.04,12/14/20,07/20/22
644,2339,81040.63,4.13,04/22/20,05/05/24
645,2785,86088.99,2.42,03/12/22,09/08/28
646,1524,49180.23,3.47,07/12/22,03/23/24
647,3221,17314.87,3.98,09/28/22,01/01/24
648,997,33570.87,1.94,03/21/21,12/31/28
649,2108,14143.13,2.6,12/11/20,12/15/20
650,664,90865.41,4.37,09/07/22,09/21/28
651,198,56408.19,4.52,06/06/20,12/13/26
652,1072,82680.63,4.35,06/16/21,04/23/29
653,2053,44882.53,2.34,07/05/20,03/01/24
654,467,55684.58,3.01,09/20/21,03/16/24
655,302,28169.68,3.31,09/15/21,12/04/24
656,195,80865.47,4.11,01/15/22,07/05/29
657,1525,72611.8,3.92,12/07/21,08/09/24
658,2066,87908.72,4.67,09/05/20,06/28/26
659,3085,43017.18,2.16,11/04/22,02/17/24
660,2359,47705.95,1.55,06/27/22,03/21/23
661,1241,56058.85,1.86,03/31/23,10/26/29
662,580,33829.36,4.82,12/21/20,03/24/28
663,2519,88680.97,1.6,07/20/20,06/14/22
664,1480,55545.06,2.61,10/24/21,07/13/22
665,1193,65873.82,2.7,11/05/20,08/12/27
666,2344,78475.7,4.76,09/07/21,09/27/22
667,760,46151.11,3.74,07/31/20,01/19/23
668,1859,26189.67,4.36,12/06/22,04/28/24
669,39,85079.22,2.69,09/01/23,06/15/27
670,1049,61603.12,2.72,02/21/23,10/14/25
671,2965,36684.58,3.05,12/01/20,11/02/27
672,2480,33462.85,4.43,07/14/20,10/25/24
673,2124,69618.33,3.98,05/01/21,01/28/24
674,2859,38408.56,3.24,08/25/21,08/05/29
675,1265,54832.59,2.01,09/30/22,01/24/23
676,2220,36569.94,1.61,11/01/23,10/15/28
677,1533,32751.43,3.99,06/17/20,11/22/26
678,1557,71749.67,4.77,02/22/20,06/22/22
679,3085,26145,4.94,12/14/22,11/15/29
680,2398,8554.79,3.64,01/29/21,09/14/24
681,878,38091.98,2.44,07/30/20,12/18/20
682,1127,35794.92,2.9,08/05/21,03/08/25
683,2642,93140.77,4.4,08/09/21,08/29/28
684,218,79151.53,3.52,04/03/22,07/04/26
685,1677,8351.14,2.63,11/20/20,03/04/25
686,3167,81364.22,1.95,08/14/20,01/03/28
687,1544,15734.64,1.76,08/06/21,12/10/24
688,2905,11102.45,3.39,03/16/22,01/03/24
689,302,88154.12,3.36,12/15/19,01/24/23
690,909,11197.35,4.54,08/30/21,01/14/29
691,1472,76608.64,3.07,11/06/20,04/17/21
692,2028,74056.96,3.69,09/14/22,05/23/27
693,2555,52063.1,3.38,06/30/21,03/20/28
694,287,65110.91,2.56,06/07/20,04/17/25
695,411,96700.86,3.6,09/05/20,12/02/22
696,2146,86349.96,3.08,04/20/20,07/04/22
697,728,50664.34,1.55,07/19/21,12/26/24
698,36,11927.7,4.85,02/22/22,04/19/22
699,3043,85939.74,2.14,11/12/22,11/22/27
700,1855,52933.95,3.67,12/30/21,12/20/22
701,977,65084.95,3.1,01/14/20,09/30/25
702,3158,97924.61,4.87,02/19/23,05/07/27
703,2102,88852.97,4.19,10/18/22,09/24/23
704,403,61329.71,4.63,07/05/21,01/31/24
705,614,97288.99,4.16,07/26/20,09/01/22
706,436,95546.85,2.69,06/23/20,08/31/25
707,1352,58763.53,4.84,08/08/20,02/21/22
708,1943,16104.34,1.63,01/27/21,07/23/25
709,2219,82294.24,3.92,10/17/20,07/27/25
710,2439,26401.42,4.87,06/16/20,06/19/26
711,3373,77737.41,3.26,07/11/20,04/03/28
712,934,64309.49,3.32,03/17/21,10/21/29
713,3171,5116.67,2.01,11/22/22,09/14/23
714,2116,22288.11,3.76,02/13/23,12/13/26
715,1046,89862.88,1.83,01/17/22,02/15/26
716,2202,24465.24,3.08,12/29/22,12/16/27
717,676,17791.11,1.59,01/01/21,04/01/29
718,650,25721.83,4.64,08/03/20,05/23/25
719,858,11240.26,1.75,07/22/23,12/24/25
720,414,98585.76,3.15,05/08/20,05/09/28
721,3082,99317.71,2.27,02/26/22,01/03/26
722,1837,65771.6,4.55,04/28/21,07/22/23
723,3109,22712.79,2.3,06/18/23,12/11/26
724,574,53184.6,4.93,06/22/21,11/28/24
725,698,18818.78,4.77,04/10/22,05/19/24
726,3069,79249.87,2.29,03/11/22,09/03/22
727,1031,13385.09,2.5,08/11/23,02/23/24
728,2507,28764.23,2.55,11/23/21,12/11/25
729,793,56722.75,2.96,09/19/21,08/21/27
730,2216,32664.7,4.45,06/14/22,07/29/22
731,2950,70420.2,4.64,05/05/23,07/13/23
732,2299,32677.79,4.75,05/29/20,09/20/28
733,3015,78067.19,3.37,01/11/21,02/02/27
734,551,47141.7,3.39,09/05/20,05/25/27
735,846,56480.08,4.37,10/19/20,01/26/21
736,2192,21736.79,3.2,09/29/20,02/19/22
737,253,86502.07,2.9,05/12/20,08/21/29
738,1135,14528.1,2.38,09/16/22,12/15/27
739,1736,14012.7,4.76,08/25/23,09/02/29
740,2335,12801.02,1.79,11/05/20,12/23/28
741,1285,25562.71,2.05,03/11/20,10/22/25
742,1843,18744.58,3.1,11/21/23,10/21/27
743,314,93782.21,3.29,11/13/21,03/28/24
744,1559,6967.89,4.3,01/12/22,01/18/25
745,3116,68958.53,4.52,04/18/23,06/21/23
746,1036,23420.76,2.76,02/13/22,11/01/28
747,832,74544.95,3.32,01/24/22,07/03/27
748,662,65145.89,2.4,08/07/22,06/20/23
749,2832,48152.78,3.68,08/14/21,02/18/28
750,2313,19741.8,4.75,03/31/23,09/10/25
751,1119,25422.81,3.3,05/18/20,10/22/21
752,1295,50466.81,4.64,01/05/23,08/27/29
753,1154,92385.32,4.61,07/30/21,09/02/23
754,118,57504.55,1.57,07/12/23,11/21/27
755,425,49596.56,3.85,09/01/21,03/08/27
756,3305,50451.99,4.49,08/29/20,11/04/22
757,336,80342.83,2.56,03/16/22,11/11/26
758,2586,57219.21,3.17,02/17/22,07/05/23
759,1430,36127.35,3.05,08/23/21,02/02/28
760,219,17959.59,3.24,06/21/20,02/16/22
761,2004,52897.37,3.21,07/28/20,09/06/28
762,475,28840.15,2.82,01/21/23,03/30/29
763,1542,64904.32,1.68,05/14/20,04/29/26
764,1387,29029.08,4.95,05/19/22,02/28/28
765,2039,79554.7,3.62,12/17/22,10/03/24
766,1849,70506.58,3.1,01/20/23,12/26/27
767,3286,49400.47,4.9,03/29/23,06/11/26
768,2886,13117.61,2.56,09/16/22,07/18/29
769,3332,48793.87,4.45,11/15/22,01/04/27
770,366,93619.01,3.08,08/24/20,06/23/23
771,2047,50965.05,2.99,11/26/22,04/20/23
772,2214,36183.05,1.95,12/13/19,03/18/25
773,664,78802.07,4.53,11/10/23,12/15/28
774,2151,35627.61,4.96,01/29/20,11/04/22
775,3197,64653.85,2.71,09/15/20,10/15/27
776,3181,93374.05,3.36,07/01/23,01/08/27
777,2905,89563.8,4.39,02/16/20,04/01/24
778,1158,92248.92,3.29,07/05/23,07/09/28
779,2283,34382.57,2.76,12/06/22,03/15/25
780,1597,79006.4,2.46,01/01/21,10/01/23
781,238,33229.91,1.76,12/29/21,06/19/25
782,845,32018.62,4.67,09/21/23,12/17/23
783,3063,31166.13,1.71,11/16/20,05/17/23
784,1866,19302.41,2.49,05/28/21,01/20/28
785,2825,43849.29,3.62,05/20/22,02/08/23
786,147,76434.96,4.49,09/24/20,02/12/25
787,2882,55817.48,3.81,06/02/23,01/24/26
788,2359,77892.08,2.76,01/01/23,06/29/23
789,2345,17051.13,4.6,07/27/21,05/15/22
790,575,40119.01,3.53,07/23/23,01/05/29
791,2382,30269.44,2.17,12/14/22,12/10/23
792,181,29556.01,2.27,02/22/20,07/25/23
793,943,13191.9,2.92,06/10/20,10/17/21
794,2489,20305.64,4.65,01/20/22,08/11/22
795,1176,13620.26,4.63,09/30/22,09/21/24
796,779,58592.63,2.68,03/03/22,10/19/25
797,1299,24951.52,2.43,12/20/19,12/22/20
798,1442,88610.6,4.59,05/18/23,01/27/27
799,2968,87875.83,2.06,12/06/21,11/27/24
800,3113,88415.76,1.82,11/17/20,09/02/27
801,1156,5864.64,3.06,05/07/20,03/18/28
802,3214,97123.76,4.05,08/15/20,11/15/26
803,728,75111.32,4.65,11/25/22,05/09/23
804,657,41470.63,4.6,02/04/23,05/01/25
805,1676,69649.46,2.18,07/26/20,06/21/21
806,1588,49094.27,1.92,10/17/20,01/02/23
807,2942,95540,3.53,09/25/22,08/02/24
808,1770,41406.4,1.73,12/20/22,10/24/25
809,653,70644.35,3.66,05/20/21,12/26/28
810,2311,62870.98,4.7,11/28/20,06/21/28
811,1819,26337.55,4.57,03/01/21,03/26/28
812,2427,33043.28,2.13,09/18/20,06/25/25
813,2075,88267.02,3.95,01/15/21,05/16/24
814,1341,92285.44,4.59,08/23/20,02/08/22
815,722,50658.17,4.44,04/30/21,03/28/28
816,2618,58159.27,4.14,02/22/20,12/22/21
817,398,98141.47,2.48,02/04/22,11/30/23
818,1467,29584.21,4.79,01/11/21,12/11/25
819,529,43811.81,2.26,07/21/20,12/18/26
820,673,72816.98,2.37,10/18/21,12/15/26
821,2337,74624.39,1.72,01/02/23,05/20/25
822,2899,55649.75,3.93,01/25/23,09/07/25
823,1625,53183.25,1.58,04/02/23,07/17/23
824,1624,82035.03,1.81,09/19/23,04/05/26
825,995,46356.14,4.27,06/12/20,06/30/27
826,851,53345.86,3.76,06/01/23,09/26/25
827,481,31082.69,4.49,04/08/22,10/05/25
828,2497,47881.4,4.68,02/29/20,01/24/24
829,557,69965.66,2.16,04/14/22,05/31/22
830,2448,58767.69,2.96,01/07/21,06/30/23
831,2260,74219.43,3.36,01/07/22,09/02/26
832,606,17810.5,4.01,01/13/23,04/28/26
833,3264,62694.58,2.25,01/27/20,05/29/23
834,2085,50301.93,1.69,12/09/19,09/19/27
835,200,50248.61,4.13,10/10/22,11/16/22
836,594,33292.26,2.32,02/11/20,12/09/27
837,1273,36474.96,3.23,03/11/23,03/04/28
838,1637,94355.13,4.07,02/20/20,03/30/22
839,917,93721.75,3.4,03/27/20,05/20/25
840,911,17710.06,4.91,05/30/22,08/11/25
841,1023,31324.73,4.96,09/14/23,09/07/29
842,2988,64335.96,4.29,07/25/20,02/12/22
843,2841,96657.33,2.85,12/14/19,08/03/27
844,2385,56824.64,4.4,08/03/23,11/19/25
845,2076,20325.43,2.79,11/01/22,09/15/24
846,2684,17165.44,3.43,07/17/23,08/05/24
847,8,65360.08,2.19,05/07/20,12/11/23
848,2429,10397.76,2.49,09/18/21,01/18/27
849,1607,51779.29,2.12,02/15/22,10/01/22
850,1096,68649.32,4.83,01/16/21,01/11/24
851,1434,53998.09,4.67,04/01/20,05/16/25
852,328,16416.04,4.01,09/28/21,02/02/25
853,1310,91551.98,2.59,08/30/20,07/02/28
854,1085,56949.52,3.78,04/28/21,08/05/27
855,3188,9906.8,3.47,06/02/21,12/10/22
856,728,14002.76,1.69,03/05/23,02/16/25
857,2047,96921.11,4.81,07/22/23,10/24/23
858,3036,6290.47,4.65,12/15/21,12/06/27
859,1083,86627.83,4.52,10/02/23,08/04/24
860,1915,76581.9,1.57,04/12/22,03/13/29
861,774,44266.31,1.94,01/06/21,09/28/21
862,1481,21599.1,2.63,04/19/23,08/10/23
863,2072,24572.68,3.07,02/15/22,09/23/26
864,206,95128.56,3.17,09/21/22,10/15/28
865,647,44495.78,1.98,07/31/20,03/07/23
866,1734,78594.06,3.28,11/18/22,09/06/25
867,1020,36662.41,2.2,05/29/23,05/17/29
868,2699,28492.4,4,10/29/20,10/11/26
869,95,29555.43,2.15,07/22/22,04/29/28
870,581,29631.64,3.81,10/12/20,01/18/24
871,1945,20251.13,4.13,03/04/20,10/12/22
872,1053,8939.41,3.43,11/05/21,02/25/22
873,627,35805.01,4.65,04/20/23,07/26/25
874,1391,50566.33,4.86,10/08/20,02/09/28
875,700,11486.05,3.48,11/28/22,06/14/25
876,236,16414.73,2.66,10/09/21,02/16/25
877,2510,30348.39,2.97,03/14/21,04/28/22
878,1432,19508.15,2.57,02/08/21,12/05/26
879,1609,67564.74,4.15,05/29/21,10/28/26
880,2654,69129.98,3.33,08/13/23,08/10/24
881,2705,97921.88,4.74,09/05/21,03/02/23
882,1424,35011.64,4.98,10/11/20,04/03/23
883,2410,75714.23,3,03/09/20,04/22/20
884,657,7070.83,3.5,03/06/20,10/23/21
885,37,81307.24,3.16,04/22/21,07/21/28
886,2053,46865.35,4.16,12/30/22,08/28/27
887,120,21192.09,3.39,01/11/21,08/29/25
888,3319,93158.98,4.82,05/25/22,07/09/24
889,2585,18388.78,2,08/31/23,11/16/28
890,1321,44823.2,1.93,10/23/20,09/05/28
891,2534,33763.96,4.39,12/11/22,10/16/24
892,3176,8090.18,4.62,04/17/21,02/07/28
893,482,81176.75,3.93,11/24/21,11/16/23
894,2491,89729.42,2.21,06/02/23,08/28/27
895,134,71551.72,1.53,12/29/20,04/15/24
896,992,67325.4,4.45,06/08/20,11/02/24
897,2619,55792.09,3.84,07/12/20,06/07/29
898,2323,79418.48,4.11,07/23/21,04/13/22
899,543,78395.15,2.83,07/11/22,04/14/25
900,403,89627.92,3.79,10/23/20,05/03/23
901,1136,41433.16,4.53,11/22/23,09/05/27
902,1319,96675.74,3.84,10/08/22,01/19/27
903,2825,9156.33,2.13,09/18/23,01/18/29
904,3100,20992.84,2.48,04/26/22,09/13/22
905,477,44950.25,4.88,12/22/21,03/03/29
906,1613,92332.69,4.47,03/03/22,06/02/27
907,1880,32199.53,2.15,09/08/21,08/28/28
908,2417,60776.88,4.58,11/21/21,12/11/26
909,186,90661.34,2.58,04/08/20,09/20/20
910,2134,9850.94,3.82,12/14/21,09/10/22
911,3086,99658.1,1.55,11/15/21,08/31/27
912,911,73580.98,2.45,08/06/20,02/25/23
913,74,66262.73,2.72,03/12/22,11/05/27
914,2301,90891.22,3.11,11/13/22,01/01/27
915,2655,83653.22,4.51,05/03/21,11/06/25
916,583,63802.54,2.43,09/28/23,09/13/29
917,2804,66274.68,4.17,11/25/20,07/14/29
918,2820,79322.32,3.21,12/02/22,05/26/25
919,389,15275.22,1.79,09/06/20,09/09/27
920,1664,69299.96,4.86,05/19/21,07/24/24
921,799,26928.04,2.77,07/25/22,02/19/27
922,3374,59541.1,4.14,03/25/21,05/10/22
923,3328,66568.16,4.19,01/06/23,09/08/25
924,1018,95499.18,1.66,05/01/22,08/12/24
925,655,56778.1,1.74,07/14/23,11/06/24
926,774,48598.35,2.76,08/11/22,08/15/27
927,1279,66347.9,2.76,10/02/20,06/11/28
928,206,98800.85,4.36,12/26/19,04/02/27
929,843,54643.38,4.51,02/16/23,01/05/28
930,1118,54011.23,4.17,10/02/21,11/24/28
931,572,74719.41,4.7,05/20/21,09/03/25
932,644,37721.55,2.2,11/10/23,09/05/25
933,681,67659.17,2.78,06/25/23,08/01/26
934,1912,78438.81,3.28,06/17/23,05/27/24
935,1688,9543.47,1.99,05/24/23,06/10/27
936,3341,23632.67,4.68,12/05/21,01/09/26
937,2600,60204.68,4.43,07/13/21,02/16/25
938,54,82864.6,2.77,01/21/20,05/09/25
939,3366,21804.23,4.69,09/17/21,11/27/24
940,1243,37952.04,4.36,07/27/21,06/20/25
941,3152,83699.61,1.77,02/16/22,06/28/28
942,3233,52827.1,2.72,06/02/20,11/03/26
943,2031,39506.15,3.23,03/26/23,02/03/25
944,2198,19447.81,2.38,06/26/20,09/13/22
945,2005,56481.47,2.99,01/02/21,10/21/22
946,259,33371.21,4.53,12/27/21,09/12/26
947,2705,31998.65,1.94,01/28/22,05/06/27
948,3234,98711.62,1.67,02/25/20,05/14/23
949,2720,69349.58,4.22,03/06/22,10/04/24
950,248,68024.14,4.25,03/30/23,11/15/29
951,248,92303.95,3.08,02/24/22,08/18/29
952,2489,92286,3.35,05/14/21,11/03/27
953,715,22216.02,3.52,03/11/23,10/15/29
954,1177,16511.62,3.64,01/08/23,02/06/23
955,2987,68312.38,2.15,06/11/21,10/04/24
956,2632,55554.36,2.39,04/11/20,06/26/21
957,1036,16653.81,3.79,03/24/20,02/14/21
958,2440,19794.12,4.63,11/27/22,09/16/23
959,1143,34416.51,3.32,01/02/22,05/08/29
960,749,9652.06,4.86,01/11/23,10/02/29
961,1567,66911.25,2.43,09/05/23,09/02/24
962,2719,79600.12,4.66,10/31/20,08/14/29
963,1045,80678.78,2.17,06/26/21,06/08/28
964,603,75309.63,4.65,01/03/23,12/05/27
965,2496,86231.13,1.83,02/01/22,07/20/26
966,1762,11851.57,3.35,03/31/22,07/26/26
967,618,89184.24,3.08,07/13/22,12/26/28
968,1083,39495.94,3.92,07/29/23,07/26/27
969,2713,12178.8,1.83,04/14/22,03/10/24
970,2927,8331.45,4.48,11/08/20,06/22/27
971,1359,38549.49,1.51,02/16/22,03/17/27
972,3105,40044,3.25,02/23/23,03/04/27
973,1658,56979.59,3.99,11/20/20,01/30/28
974,1064,23221.1,2.24,05/28/21,06/22/26
975,2987,17930.42,1.6,02/09/22,09/27/24
976,3193,98936.7,1.76,12/15/22,12/12/27
977,1203,64106.52,1.72,06/05/21,04/25/26
978,1817,20025.81,4.77,01/15/23,09/15/26
979,509,19218.56,3.91,12/12/22,02/01/29
980,1406,73613.91,2.73,02/10/23,11/05/24
981,2007,63898.61,1.98,03/03/22,05/28/22
982,1424,37196.81,2.79,04/22/22,04/06/26
983,978,8549.66,3.19,09/14/21,07/16/25
984,2771,80722.15,4.22,11/04/23,09/24/25
985,2372,90573.08,3.09,05/18/22,02/16/24
986,2139,53042.77,4.02,12/19/20,01/15/22
987,2852,12843.79,2.37,03/01/22,05/30/27
988,1997,20007.57,2.51,11/23/20,08/04/29
989,2045,55413.43,1.94,10/31/22,06/12/27
990,2343,45266.1,2.35,06/12/23,05/11/28
991,1473,37007.23,2.5,05/11/20,02/02/26
992,70,38425.18,1.72,06/07/21,03/24/22
993,685,46508.27,3.89,07/21/20,05/31/27
994,230,93570.59,2.99,01/01/20,08/28/27
995,612,87928.52,3.24,03/24/21,05/01/25
996,1605,17999.24,2.95,07/09/22,03/04/27
997,1520,18509.46,4.66,01/19/23,09/20/25
998,2726,80931.03,4.24,10/20/20,12/27/23
999,3388,59657.03,3.56,03/14/20,05/16/21
1000,2127,43011.14,4.99,10/20/20,07/07/27
1001,1334,81008.11,3.39,02/08/21,01/16/28
1002,3233,49981.05,4.09,05/07/21,12/11/24
1003,645,47347.02,4.93,12/30/22,04/28/29
1004,545,31743.95,2.08,06/17/20,06/30/25
1005,1282,22505.55,2.47,05/18/23,02/28/26
1006,3185,66984.22,1.72,09/24/23,01/06/24
1007,344,68747.03,4.07,07/15/22,08/08/22
1008,2646,46406.88,2.87,04/26/23,09/06/26
1009,1024,37717.52,3.94,10/13/22,01/12/23
1010,2525,63042.77,3.99,07/30/21,07/16/26
1011,637,63360.17,1.99,02/22/20,12/23/20
1012,2033,90330.36,3.25,11/12/21,10/14/29
1013,2387,54876.59,3.62,04/11/23,05/06/26
1014,2057,16391.89,1.95,12/21/21,04/29/23
1015,2133,71780.99,1.99,03/29/23,07/21/26
1016,2952,36559.59,3.04,05/18/21,05/22/23
1017,140,43467.02,3.16,08/03/20,09/21/23
1018,1081,18679.35,3.59,10/08/21,03/29/27
1019,2075,6039.16,4.18,07/18/23,05/28/27
1020,2502,60367.65,2.51,09/19/22,08/13/24
1021,962,35262.98,4.03,10/31/23,10/24/25
1022,79,25089.74,2.61,09/04/23,02/15/28
1023,1805,33541.02,2.87,05/18/23,05/03/29
1024,2061,86234.29,2.42,11/05/20,10/23/29
1025,368,11194.74,2.19,02/10/23,01/02/24
1026,575,87507.66,4.41,11/11/23,09/02/27
1027,1378,73478.67,4.8,06/28/21,08/15/22
1028,819,8892.75,3.02,03/11/23,04/17/26
1029,3365,16931.24,4.27,04/24/20,07/24/26
1030,1050,74269.21,3.32,12/31/22,07/29/28
1031,657,79863.28,2.57,02/21/20,05/06/26
1032,1639,36256.39,3.16,08/24/23,10/19/23
1033,219,32366.62,3.43,03/28/21,10/27/28
1034,1950,29978.7,2.8,01/24/23,06/17/27
1035,1954,83425.13,4.04,01/25/22,04/26/29
1036,2495,52570.28,2.71,03/01/21,06/25/26
1037,1160,75657.87,2.93,10/10/21,08/16/24
1038,2048,7132.35,3.06,05/31/20,03/04/23
1039,283,6207.78,3.66,01/01/20,04/01/28
1040,2920,28917.81,4.33,09/10/20,12/06/23
1041,630,64957.53,2.71,06/15/22,10/07/22
1042,1257,79557.23,4.01,10/27/22,03/19/25
1043,650,35680.25,3.01,12/18/20,11/27/28
1044,1258,18634.07,2.85,09/21/21,06/17/27
1045,2368,54859.96,4.71,10/27/21,03/09/23
1046,2243,28681.55,2.41,07/05/23,09/28/27
1047,3175,47217.31,2.95,08/10/21,05/29/27
1048,1629,25666.44,4.3,06/12/23,03/09/27
1049,1514,52201.32,4.5,05/17/22,01/06/25
1050,2375,32115.43,4.97,05/10/20,09/22/28
1051,1234,81178.73,2.64,07/16/21,11/23/29
1052,1503,69465.82,1.97,05/21/22,05/10/29
1053,5,64547.78,2.67,08/29/22,02/19/23
1054,1203,75108.06,1.54,05/04/21,04/16/25
1055,770,59131.46,1.58,06/08/22,02/23/29
1056,663,15229.42,2.5,03/23/20,10/03/22
1057,984,87883.61,1.6,09/07/22,12/03/23
1058,235,81192.51,3.13,01/05/23,06/29/29
1059,517,82389.04,2.74,12/17/20,07/19/27
1060,2151,58642.75,2.94,01/22/21,01/13/29
1061,1457,20843.04,2.52,01/25/22,10/01/24
1062,1201,27795.94,4.38,09/11/21,09/26/23
1063,1424,40067.99,2.98,10/19/22,01/16/27
1064,1451,34490.9,4.78,11/22/22,03/17/26
1065,2400,80127.45,2.46,11/27/23,04/13/24
1066,3268,51650.5,2.8,08/12/23,10/21/27
1067,751,23508.86,4.69,05/19/20,02/03/26
1068,469,96513,4.72,09/07/23,02/24/24
1069,639,38984.96,4.02,05/24/22,12/14/26
1070,117,84067.71,4.53,04/13/23,07/13/27
1071,927,62485.53,3.67,01/27/21,11/24/24
1072,2000,9799.57,2.98,01/15/23,05/19/29
1073,2297,69665.82,2.14,02/10/22,07/19/29
1074,1633,94133.48,2.38,08/29/23,05/17/26
1075,3177,80844.19,4.12,12/24/20,04/20/28
1076,2345,33783.21,2.24,04/04/23,10/04/24
1077,3173,16254.43,4.88,10/17/22,08/01/29
1078,992,95761.23,4.4,06/08/23,09/27/23
1079,2797,32385.25,3.57,05/26/21,09/11/27
1080,928,16173.89,4.68,07/19/23,12/10/24
1081,980,81749.65,3.67,03/25/20,08/26/28
1082,1109,51730.27,2.41,01/04/22,10/19/26
1083,80,97638.87,4.85,10/01/22,09/10/24
1084,1410,80069.92,3.29,08/17/21,02/08/29
1085,1047,35812.27,2.21,01/31/23,02/25/26
1086,2749,32680.72,2.54,07/15/22,02/22/29
1087,2994,33314.41,2.2,11/10/23,09/12/28
1088,2006,31255.21,1.59,07/23/20,02/04/28
1089,780,66931.84,3.47,12/07/22,01/01/28
1090,298,90767.23,4.61,06/17/23,11/06/29
1091,1105,42630.59,4.55,08/11/22,02/07/28
1092,617,67242.5,4.39,10/26/20,12/04/25
1093,2176,28965.46,4.7,04/09/21,08/01/29
1094,2239,21810.84,3.01,09/12/21,08/23/25
1095,3330,99789.06,4.97,10/01/22,10/06/28
1096,919,34248.73,2.69,10/17/22,08/26/27
1097,2287,58882.68,4.99,05/11/20,05/01/26
1098,418,30547.4,2.68,08/21/23,05/23/27
1099,638,77456.35,3.85,07/05/21,06/11/29
1100,126,64382.57,4.89,01/13/20,01/16/28
1101,208,14382.69,4.35,08/07/20,09/21/27
1102,2084,72514.91,3.09,01/30/21,09/09/24
1103,1829,82315.17,3.07,08/05/22,11/20/26
1104,3101,65491.46,3.28,05/27/21,11/12/23
1105,2244,57899.22,1.6,05/18/22,08/14/27
1106,2277,79923.32,1.68,10/30/20,04/03/23
1107,3016,89110.42,4.66,08/19/21,11/18/29
1108,1768,53178,4.76,09/10/22,09/03/28
1109,602,23454.75,1.76,12/09/21,08/09/27
1110,234,78171.63,3.09,03/22/22,06/29/28
1111,3059,31072.7,2.33,10/29/22,12/01/26
1112,956,29611,2.97,09/05/21,10/24/24
1113,1548,35117.05,2.94,09/06/21,12/02/28
1114,1857,93483.3,3.09,02/16/21,11/07/23
1115,3286,51356.14,3.28,10/11/21,02/09/28
1116,3093,40252.93,4.7,05/25/22,04/24/24
1117,1760,70968.22,2.47,11/25/20,03/07/24
1118,1992,33079.26,2.26,10/01/22,05/13/27
1119,1629,84845.08,3.38,10/22/20,04/11/29
1120,2841,22554.97,2.64,07/20/20,06/29/28
1121,1593,14779.12,1.9,11/27/23,07/07/28
1122,609,69045.41,4.56,04/04/21,05/08/21
1123,2672,27286.53,1.9,08/09/22,03/15/24
1124,3345,31307.48,4.84,12/27/20,09/23/24
1125,1801,93509.61,4.78,09/28/22,05/11/29
1126,2817,26067.64,2.04,10/04/21,08/14/22
1127,1509,95151,3.09,04/26/20,02/26/28
1128,1115,65274.36,4.77,03/17/21,02/20/22
1129,543,54722.07,1.62,06/25/20,12/25/21
1130,2827,82068.43,3.56,08/24/23,09/13/26
1131,3077,69979.68,3.55,03/22/21,09/22/27
1132,592,66609.3,3.78,01/30/23,08/04/23
1133,3378,38943.8,4.35,04/13/21,02/25/28
1134,308,21126.16,1.99,03/25/23,04/26/25
1135,1090,88729.67,1.77,05/23/22,03/03/28
1136,1339,5257.65,1.96,12/14/20,12/13/25
1137,2674,95551.12,3.3,10/22/21,05/30/24
1138,3078,85325.07,3.08,03/26/20,08/08/27
1139,1822,73528.09,4.32,03/03/22,03/27/24
1140,2330,30190.2,4.68,07/04/22,01/15/29
1141,538,23853.73,2.89,04/24/21,10/25/28
1142,196,57325.23,3.65,06/06/23,10/25/27
1143,2294,29140.9,3.07,01/26/23,11/15/23
1144,2204,52487.89,2.48,11/20/21,06/17/29
1145,2540,98685.39,1.89,04/14/21,07/31/22
1146,69,95363.67,1.81,01/27/20,03/23/20
1147,1400,61642.9,2.95,02/29/20,10/14/21
1148,2577,5034.87,4.05,12/20/20,07/26/29
1149,2586,69491.85,2.87,08/28/21,06/05/28
1150,724,79928.28,3.4,09/03/20,10/12/29
1151,1520,59506.23,1.82,05/10/23,03/16/24
1152,1329,12355.36,4.1,07/03/21,12/11/26
1153,1966,61110.96,2.95,02/13/21,04/02/23
1154,2271,14106.23,1.8,07/03/21,05/11/24
1155,2457,97164.32,3.89,09/28/23,10/11/26
1156,1320,42368.51,2.05,05/23/20,02/17/29
1157,246,21657.95,4.6,05/12/23,02/25/28
1158,850,29309.24,3.46,07/14/23,07/24/27
1159,2998,78251.2,4.14,12/14/22,09/19/29
1160,638,39405.7,4.73,10/11/22,12/05/25
1161,1413,85931.58,3.45,04/06/22,03/12/28
1162,2947,87192.2,4.89,08/23/21,12/03/21
1163,1693,24557.97,4.07,05/27/21,08/06/29
1164,2568,45200.45,4.13,08/23/23,04/15/29
1165,369,98935.24,4.59,05/06/22,10/27/29
1166,1971,14067.65,4.91,03/01/21,11/18/27
1167,1805,76678.59,2.06,02/03/21,11/26/21
1168,492,53382.92,2,07/01/23,10/13/26
1169,1280,56255.51,4.55,08/29/23,05/25/25
1170,1305,40569,3.39,03/03/22,04/28/28
1171,2827,7762.25,3.29,02/22/21,04/27/25
1172,1772,26050.45,4.49,07/27/22,10/23/26
1173,1546,39383.02,4.38,03/20/23,04/28/27
1174,1622,59101.27,4.97,11/01/21,09/02/27
1175,1199,37368.01,3.94,08/17/20,08/05/28
1176,1165,16048.97,2.66,05/27/21,04/11/22
1177,1532,59491.06,4.11,07/09/21,08/01/28
1178,3009,47769.96,4.96,05/23/22,11/06/23
1179,3378,86393.03,3.17,06/26/23,08/19/28
1180,3201,37561.64,2.16,11/29/20,01/13/25
1181,342,56977.7,1.98,06/01/23,04/09/25
1182,594,81695.88,3.19,11/21/22,01/18/24
1183,2872,75845.98,4.18,10/20/21,08/06/25
1184,748,19889.35,3.01,07/17/22,03/02/25
1185,2221,37424.98,3.76,05/15/21,12/05/23
1186,2875,45514.82,3.67,03/20/20,08/21/26
1187,2942,75407.09,4.39,08/14/23,12/22/26
1188,112,93068.54,3.06,10/02/20,11/03/24
1189,2453,44108.8,4.89,07/27/23,10/24/23
1190,452,7335.68,3.87,06/06/20,12/30/25
1191,1743,39345.16,1.55,07/19/22,08/26/27
1192,55,79169.41,3.66,07/08/20,10/11/20
1193,1567,67016.32,1.58,02/25/21,12/05/26
1194,2690,78334.76,2.9,09/13/22,11/17/22
1195,3181,96181.4,3.7,03/15/22,06/08/29
1196,1456,6990.51,3.83,06/14/22,10/10/24
1197,548,76220.87,3.43,02/12/22,01/02/27
1198,670,69545.18,3.27,12/14/22,08/10/27
1199,366,60359.88,4.79,12/05/22,04/26/25
1200,2358,41094.07,3.88,07/31/22,05/27/23
1201,2549,54277.77,2.09,07/06/20,05/28/27
1202,2720,76594.43,1.55,04/12/23,04/29/25
1203,2031,78295.02,3.56,10/10/22,04/07/24
1204,2188,55957.27,2.68,01/18/21,03/27/25
1205,423,67321.24,3.12,07/10/20,06/30/27
1206,1063,68515.57,1.62,01/14/20,06/07/28
1207,464,35676.17,4.94,04/05/23,08/07/26
1208,215,6463.79,2.1,08/21/23,03/22/29
1209,1028,51608.16,2.27,09/04/23,03/23/26
1210,1960,52904.38,1.83,02/13/20,11/03/25
1211,2209,45405.35,4.36,10/12/23,01/07/28
1212,470,28931.55,4.87,12/29/19,07/17/28
1213,1479,50484.49,3.72,01/29/21,01/09/24
1214,1881,58825.42,3.12,11/04/21,11/10/25
1215,2685,86031.38,2.27,07/30/20,10/05/26
1216,2025,72941.67,4.75,04/16/22,03/27/25
1217,1512,70638.21,3.3,03/11/23,06/19/23
1218,1406,76818.14,2.68,06/17/21,01/06/26
1219,878,70315.36,4.24,09/03/20,08/21/23
1220,964,24256.63,4.67,01/15/23,11/12/28
1221,3098,33610.23,2.52,02/14/21,05/24/25
1222,1132,83507.78,3.81,12/25/22,01/20/23
1223,3088,58892.6,4.74,05/01/22,04/17/24
1224,3107,44495.64,2.24,11/02/20,06/10/27
1225,2257,41810.72,1.69,05/26/23,02/07/24
1226,721,62647.03,3.83,11/27/20,09/16/28
1227,1721,95176.08,3.17,07/25/23,03/04/28
1228,1062,30453.74,2.51,08/03/23,11/28/23
1229,1904,82111.08,2.01,06/21/21,01/14/25
1230,1769,64173.68,2.82,04/16/21,09/15/28
1231,2405,92065.31,2.6,08/10/22,12/22/26
1232,1134,39612.56,3.18,03/07/20,09/22/28
1233,1613,7604.36,2.03,03/18/22,05/25/26
1234,406,54350.99,4.63,04/13/22,06/23/25
1235,2032,35737.71,2.16,09/09/20,05/02/28
1236,3314,22539.73,3.4,01/09/22,06/12/25
1237,435,9854.6,4.64,02/01/21,08/07/25
1238,1992,35933.11,2.2,04/08/21,06/15/25
1239,1034,49592.83,1.98,12/15/19,03/31/21
1240,2986,30783.53,4.71,01/24/22,01/08/26
1241,2491,6761.95,4.18,06/21/21,02/12/24
1242,2364,22515.06,2.47,02/08/20,05/01/25
1243,3332,59704.32,2.7,02/13/23,01/31/26
1244,1105,90618.25,3.08,09/25/20,01/08/24
1245,2672,16159.59,4.55,08/04/22,08/10/23
1246,703,46146.76,1.81,03/21/22,04/30/27
1247,2710,57011.09,4.68,12/24/19,03/05/22
1248,2543,63324.06,1.58,04/11/22,02/16/29
1249,3261,99320.04,3.96,12/06/20,09/27/25
1250,355,36220.24,3.72,03/18/21,12/27/26
1251,1918,66260.27,4.37,03/26/23,03/14/27
1252,830,7653.86,4.81,05/05/23,07/15/24
1253,3195,6823.27,4.62,07/22/21,05/14/22
1254,1277,79783.78,4.25,02/02/22,09/07/23
1255,1577,74386.41,3.13,05/19/20,03/03/27
1256,3229,19289.87,4.52,02/14/23,03/06/24
1257,483,30347.41,2.1,07/16/22,03/09/23
1258,677,98369.48,1.7,04/13/21,01/30/26
1259,2514,45567.04,3.69,10/20/22,06/27/28
1260,1255,72853.99,3.5,12/12/20,01/31/27
1261,2106,22057.59,4.86,12/18/22,04/07/23
1262,630,74991.33,4.05,08/31/22,08/18/26
1263,3379,40346.39,3.76,05/30/22,11/19/23
1264,704,97622.7,2.25,09/19/20,10/08/27
1265,3169,33459.9,2.81,11/19/20,03/19/27
1266,287,41913.6,2.87,12/31/19,07/22/21
1267,1799,60346.86,2.63,07/31/23,12/29/27
1268,3018,52808.18,3.5,06/17/22,11/01/22
1269,1908,44302.04,4.31,01/14/20,04/25/23
1270,873,97238.68,2.66,12/12/21,08/14/26
1271,1685,73864.66,4.4,12/24/19,11/30/28
1272,1353,48494.46,3.18,09/05/22,11/10/28
1273,3099,69366.25,1.81,09/08/23,10/03/23
1274,925,60895.18,1.81,06/22/23,06/27/26
1275,1463,23396.13,3.36,01/03/23,05/28/29
1276,2366,39492.76,1.69,03/17/22,11/02/26
1277,2775,79858.15,1.61,05/12/21,11/30/24
1278,2998,31108.54,3.82,01/25/22,09/15/23
1279,2770,25279.73,2.92,12/25/19,08/28/26
1280,228,7995.34,2.28,07/21/21,12/19/25
1281,1059,99144.88,3.63,12/10/22,08/03/28
1282,2283,86327.63,4.74,05/30/20,03/05/29
1283,247,25453.76,2.43,09/24/21,06/21/27
1284,2573,33842.66,2.95,04/07/20,08/20/27
1285,2951,43997.29,1.68,03/04/21,05/13/24
1286,3134,83175.01,4.66,11/01/21,08/02/28
1287,3065,16857.25,4.32,09/05/22,04/13/28
1288,1027,62675.1,1.8,07/14/23,10/03/27
1289,193,43756.03,2.81,11/05/20,04/21/26
1290,2746,30272.95,4.97,05/31/20,04/26/27
1291,3241,77562.19,1.68,07/21/23,11/17/24
1292,1818,66739.31,2.61,12/14/22,02/24/27
1293,2094,88905.74,1.71,10/25/22,01/11/24
1294,2845,75730.34,4.74,10/22/23,04/19/24
1295,443,48108.65,3.38,10/28/20,07/24/22
1296,871,63818.85,2.63,11/08/22,12/04/22
1297,1695,90148.47,4.79,12/13/22,08/20/28
1298,2675,87581.73,2.45,03/27/23,05/29/26
1299,1562,79237.3,1.74,08/28/20,12/26/22
1300,1930,97232.53,4,07/26/22,11/05/26
1301,3367,82539.84,3.52,08/11/23,09/02/25
1302,124,35198.28,4.19,11/02/20,03/15/24
1303,434,30446.51,2.08,02/13/23,05/16/25
1304,2609,5011.16,2.83,10/22/22,10/22/24
1305,3265,42765.11,4.81,11/15/23,09/02/28
1306,14,80042.23,3.05,02/18/21,05/30/26
1307,673,59581.94,3.18,11/02/20,05/28/26
1308,259,19269.16,4.91,05/05/21,06/16/25
1309,1176,32244.87,4.92,08/26/20,04/19/23
1310,1145,27482.86,1.67,06/11/22,02/21/25
1311,1119,32244.85,1.89,05/13/21,07/18/28
1312,3106,21933.2,2.36,01/19/20,05/16/20
1313,3298,36493.45,4.32,10/20/20,02/11/22
1314,2680,17427.81,3.59,04/16/21,07/22/28
1315,2059,60693.55,2.61,11/15/23,11/12/29
1316,426,51508.07,2.21,02/28/21,07/12/27
1317,2917,53573.8,3.16,05/06/20,12/24/26
1318,2468,71851.62,2.46,08/11/23,05/14/25
1319,2438,57238.61,2.56,05/18/22,12/20/24
1320,1839,96617.66,1.51,05/08/22,11/03/23
1321,247,29193.29,4.46,12/29/22,01/10/26
1322,348,26873.73,3.14,12/03/19,10/14/28
1323,1534,92067.93,3.11,01/26/20,05/27/21
1324,1982,31008.34,4.67,11/12/20,09/03/23
1325,780,74252.65,4.57,09/12/20,12/07/22
1326,2900,51863.6,3.11,08/15/20,07/22/21
1327,842,75311.78,3.06,06/27/22,07/03/25
1328,37,27401.07,4.73,10/29/21,01/17/24
1329,780,82985,1.92,05/19/22,10/07/26
1330,459,18846.68,3.12,04/11/22,12/15/27
1331,287,30204.08,4.16,06/05/20,08/31/21
1332,301,18814.26,3.26,04/01/22,04/23/22
1333,3382,98034.39,3.63,05/21/22,10/15/29
1334,1785,66861.73,4.18,05/18/21,08/04/23
1335,2153,62372.23,2.31,01/21/23,12/02/23
1336,1885,29948.48,4.81,02/20/21,02/04/27
1337,906,69401.21,3.17,04/27/22,05/14/26
1338,1536,33207.66,2.09,05/12/21,02/08/28
1339,66,29202.22,4.49,01/17/22,01/02/29
1340,2609,46482.37,4.58,04/24/22,12/22/26
1341,191,33911.91,3.13,02/05/20,05/28/20
1342,1853,28295.63,4.1,09/15/22,05/20/29
1343,368,90506.43,2.55,09/06/23,02/02/25
1344,227,85873.12,1.77,02/26/22,07/24/24
1345,2013,41500.71,3.01,12/16/21,07/31/29
1346,2006,71246.77,3.94,09/02/21,05/23/26
1347,1633,15004.34,4.83,11/11/21,02/19/25
1348,2391,44962.94,1.63,04/07/20,08/08/21
1349,434,26796.12,3.55,06/12/23,07/19/23
1350,2527,63213.03,2.69,11/24/21,06/12/28
1351,575,58504.59,2.25,01/05/20,05/06/26
1352,2472,83067.45,3.48,01/06/21,10/12/29
1353,3117,75895.46,4.47,12/11/22,03/11/27
1354,1042,21099.16,3.56,07/05/21,09/17/22
1355,2276,56084.49,1.79,08/11/23,10/18/24
1356,1255,77514.58,4.58,05/04/20,03/16/29
1357,2379,29861.54,3.1,04/11/22,09/27/25
1358,111,71200.03,1.71,06/10/21,11/14/28
1359,1922,29337.92,4.45,02/20/20,06/21/24
1360,148,41145.75,3.53,01/14/23,11/13/28
1361,1952,83495.38,2.73,08/14/22,04/16/27
1362,2586,80612.05,2.54,08/16/21,09/04/27
1363,2231,93870.77,4.7,03/17/21,12/03/24
1364,2069,34598.63,3.58,10/06/21,06/11/24
1365,581,65406.41,4.79,04/02/21,04/19/25
1366,2283,36679.45,4.44,08/07/20,06/22/22
1367,1943,44765.35,3.21,01/19/20,10/04/28
1368,3307,55696.56,4.5,11/28/22,01/27/27
1369,500,24221.41,3.12,07/28/21,05/27/27
1370,1928,30378.16,3.07,03/26/20,11/18/20
1371,451,84139.11,4.87,10/10/20,02/23/22
1372,752,42504.48,3.16,09/18/21,10/11/27
1373,1238,38818.07,4,01/18/22,08/11/25
1374,2523,56856.17,2.62,11/28/21,11/02/23
1375,613,35031.4,3.29,12/23/22,11/15/29
1376,389,77480.96,4.56,01/30/20,01/09/26
1377,2717,92230.78,4.05,05/21/21,09/24/22
1378,3318,66473.75,1.71,01/10/20,05/30/24
1379,1353,51064.47,3.5,03/26/23,07/28/25
1380,176,69153.61,3.94,07/09/20,09/13/28
1381,2715,39566.7,4.38,11/21/22,08/19/27
1382,3030,51755.62,4.79,01/26/20,02/27/22
1383,877,97715.82,2.43,04/28/23,06/09/27
1384,1325,47401.88,4.15,09/02/20,04/10/23
1385,924,78185.21,3.53,12/28/19,09/02/25
1386,2286,65444.58,2.51,07/31/20,07/23/28
1387,1591,27476.78,4.06,02/14/20,07/27/24
1388,2314,93162.05,3.77,04/20/22,08/27/24
1389,417,93555.22,2.74,01/27/23,02/13/26
1390,1085,74009.8,2.87,01/09/23,05/26/23
1391,1405,26577.3,4.34,05/31/21,04/30/25
1392,182,68190.69,2.14,01/31/20,11/17/26
1393,2386,94171.63,4.3,05/23/22,05/30/24
1394,3312,81060.82,4.08,12/02/20,10/02/25
1395,3039,46555.75,1.92,06/21/23,05/04/25
1396,681,99576.11,1.79,02/20/22,03/23/29
1397,371,17151.9,2.63,03/20/22,02/25/23
1398,1605,92556.63,1.9,07/04/22,12/26/22
1399,2136,46030.09,2.25,10/07/20,09/27/28
1400,191,82964.86,3.23,03/18/21,06/17/22
1401,1110,93621.82,4.01,04/11/23,11/14/24
1402,2673,11773.71,2.83,09/14/21,06/08/27
1403,1997,7745.35,2.02,05/16/21,10/14/26
1404,2982,41184.81,1.93,07/23/23,04/22/28
1405,1757,44958.32,3.26,08/28/23,09/03/23
1406,356,49576.76,2.3,10/26/22,05/05/23
1407,1027,18536.7,2.09,02/19/23,04/04/28
1408,1203,43199.67,1.52,02/24/20,03/19/22
1409,69,12002.86,2.59,04/28/21,07/12/21
1410,1759,7842.1,4.53,01/06/23,03/21/26
1411,1713,93976.35,4.73,11/22/23,08/02/26
1412,1472,53346.26,1.88,12/28/21,08/20/29
1413,2500,22443.37,1.64,10/23/22,08/06/24
1414,471,83690.57,4.66,10/05/23,12/04/28
1415,372,15294.63,3.2,06/10/23,03/09/27
1416,2348,59202.05,1.98,03/11/22,11/17/24
1417,2418,33839.02,2.45,05/25/20,08/04/27
1418,387,86565.68,3.8,11/07/20,07/25/28
1419,1768,92591.27,2.33,01/11/20,08/31/24
1420,194,17987.94,2.86,10/30/22,06/23/25
1421,1607,17740.92,1.89,07/04/20,10/25/28
1422,702,56320.64,1.71,10/13/22,10/28/25
1423,1180,33365.87,2.75,10/19/20,05/19/21
1424,1614,70872.21,4.15,11/02/22,06/12/28
1425,74,56981.31,3.67,05/10/22,02/19/25
1426,3046,27827.67,4.54,08/17/23,10/03/29
1427,2718,9341.02,1.61,09/02/21,09/13/23
1428,2421,36659.65,2.04,09/30/23,04/22/28
1429,452,43958.07,4.06,12/11/21,01/19/28
1430,2349,5158.93,3.59,10/25/20,11/21/26
1431,1067,24798.19,4.21,04/08/20,07/24/24
1432,1107,35871.76,4.75,06/23/23,09/01/28
1433,2691,47883.46,2.3,06/07/20,09/01/28
1434,2325,76513.03,4.78,12/23/22,07/09/29
1435,2016,71618.6,3.39,08/15/23,07/01/29
1436,2679,6189.75,3.82,12/29/20,06/24/22
1437,1660,82439.75,2.62,12/12/19,10/30/21
1438,388,29652.4,2.22,11/09/22,02/13/27
1439,1778,15076.25,4.89,11/13/22,08/12/28
1440,518,92399.73,2.24,01/26/23,06/05/25
1441,2578,70046.65,4.2,05/09/22,08/28/23
1442,2573,59615.31,4.79,08/04/21,05/08/25
1443,2687,80649.42,4.72,02/14/21,08/06/24
1444,2250,36817.4,3.69,11/29/20,11/19/27
1445,1704,50002.66,3.13,12/14/22,11/24/25
1446,2528,44296.42,2.88,01/02/21,01/07/24
1447,2482,48089.69,2.96,05/01/21,09/29/27
1448,608,78421.26,4.6,04/09/22,03/18/24
1449,283,64042.78,4.24,04/16/23,01/14/27
1450,2531,70994.09,3.89,03/15/20,10/25/28
1451,359,27667.4,4.21,06/08/20,05/20/22
1452,2067,5325.82,4.62,04/26/21,08/28/27
1453,1756,94262.22,1.82,11/13/21,10/11/27
1454,1030,14460.55,1.81,11/04/21,07/26/25
1455,320,59563.02,3.42,08/21/20,06/30/29
1456,1954,97927.21,2.85,04/29/23,11/15/27
1457,323,67812.07,3.53,05/12/20,11/24/26
1458,2478,86232.53,1.51,05/20/21,09/23/23
1459,1366,61781.6,2.03,07/14/22,07/24/25
1460,2692,55751.98,2.85,10/16/20,11/03/29
1461,3235,43183.83,2.31,01/11/22,12/31/24
1462,472,34221.36,2.51,09/15/20,03/06/24
1463,2032,52952.8,3.58,07/26/21,12/28/25
1464,2073,37488.55,2.95,01/26/22,10/09/27
1465,3029,21191.84,2.99,12/04/22,12/16/24
1466,2350,59848.83,4.27,02/16/23,03/08/24
1467,3008,43743.04,2.55,12/09/22,11/05/28
1468,786,95946.51,2.82,03/09/20,03/21/27
1469,25,99614.96,2.31,01/13/20,04/13/25
1470,182,43953.36,2.16,05/06/20,11/21/26
1471,3396,84840.16,2.79,09/14/21,09/30/26
1472,2961,5956.52,2.82,08/13/23,03/22/26
1473,2527,94410.61,2.03,03/04/23,05/15/24
1474,2942,97557.37,4.95,09/23/22,02/21/25
1475,1509,76299.82,4.86,04/27/20,11/27/24
1476,3139,8725.91,4.35,02/20/20,08/13/21
1477,1050,10835.73,1.91,09/28/21,01/05/26
1478,1542,80552.4,1.52,06/12/20,12/31/24
1479,2505,34748.11,1.53,02/03/20,08/20/23
1480,390,55135.67,2.21,03/06/20,12/10/23
1481,3135,30367.7,4.39,03/03/22,09/07/27
1482,3373,94030.68,1.74,07/02/22,02/10/29
1483,2793,42537.49,2.29,08/24/22,04/23/24
1484,3080,93174.87,1.95,05/27/20,04/19/27
1485,3045,8963.9,2.62,10/16/20,12/10/25
1486,2107,59770.15,3.06,12/23/22,01/08/29
1487,3048,35376.68,3.64,09/05/23,10/18/27
1488,1297,13284.03,3.98,12/12/20,05/06/29
1489,2074,22022.87,4.92,12/19/19,03/09/26
1490,1574,30341.12,3.64,08/16/23,03/07/24
1491,1309,11117.79,3.46,11/09/22,11/30/22
1492,496,47470.27,3.87,07/10/22,12/18/23
1493,2876,99521.95,1.92,08/18/22,06/10/26
1494,1498,91554.76,2.33,12/29/19,11/26/28
1495,2033,74495.19,3.19,01/21/23,10/17/29
1496,1519,22966.37,4.49,08/29/21,03/27/22
1497,2796,38489.3,2.6,04/10/23,02/03/24
1498,2768,73624.55,3.91,02/16/23,04/10/23
1499,2093,19804.41,1.72,05/05/20,07/18/26
1500,2687,75043.68,3.54,02/07/20,02/04/21
1501,2174,11970.99,3.36,05/02/20,01/03/21
1502,2393,13113.77,2.52,01/31/22,12/12/27
1503,2965,57597.93,2.95,09/01/22,10/28/28
1504,2891,20774.14,4.65,02/10/23,03/18/29
1505,2214,21330.08,1.77,12/10/21,03/08/29
1506,891,55110.9,1.84,09/28/21,10/29/25
1507,2726,61774.23,2.63,03/14/20,01/02/25
1508,1630,89800.4,2.47,07/16/21,10/16/25
1509,2285,62067.22,4.03,11/25/20,04/29/27
1510,512,97132.56,4.79,05/26/21,09/26/26
1511,402,78497.98,4.36,01/24/20,12/18/21
1512,2213,76360.39,3.76,04/02/23,08/03/27
1513,3312,30579.12,2.13,10/17/20,10/31/21
1514,1605,99234.61,2.54,11/15/22,11/12/24
1515,288,81811.77,3.36,01/08/23,01/18/29
1516,67,35710.58,4.94,08/15/22,07/30/26
1517,2756,57617.96,3.58,02/07/23,06/27/29
1518,3247,43625.07,4.29,08/21/23,01/30/26
1519,3102,45815.64,2.5,10/11/22,03/19/25
1520,819,63787.43,2.47,04/17/21,05/05/25
1521,2285,30186.56,4.65,06/19/21,04/20/27
1522,985,79553.43,3.67,10/17/22,03/22/29
1523,1889,88682.3,2.82,03/22/21,06/03/29
1524,616,11412.04,1.74,12/20/20,10/15/24
1525,1653,59989.78,3.14,10/06/22,11/26/23
1526,3163,73357.59,3.75,06/20/22,09/11/25
1527,1414,83790.72,1.62,07/17/23,07/11/29
1528,3332,61050.88,3.93,05/24/22,04/28/25
1529,1670,86855.42,3.68,03/21/23,10/29/29
1530,928,40502.38,1.89,01/30/23,06/13/26
1531,1438,26492.52,3.94,10/26/21,06/30/27
1532,288,64651.3,3.93,12/04/19,03/16/25
1533,2716,88519.72,2.67,07/23/23,05/09/26
1534,1294,6873.79,2.15,04/08/22,09/13/27
1535,721,52926.37,3.69,03/31/22,06/26/22
1536,310,97870.02,1.55,04/16/20,10/18/27
1537,1918,34557.75,4.41,05/22/23,12/04/25
1538,1697,34566.79,3.94,08/25/22,11/11/26
1539,458,40728.07,2.99,09/21/23,03/08/29
1540,3271,71275,2.62,12/05/19,08/04/27
1541,1396,96992.43,2.03,10/21/22,10/03/29
1542,3174,96226.83,2.95,06/16/23,09/27/26
1543,2758,87331.34,4.98,10/20/22,04/19/27
1544,2124,76554.72,1.65,12/12/19,06/16/27
1545,3042,39472.25,4.8,09/22/20,12/11/22
1546,759,67454.14,2.68,04/04/23,09/08/25
1547,2610,27614.18,3.26,12/30/19,05/16/20
1548,396,5375.14,4.33,03/16/22,12/19/25
1549,638,43591.28,2.15,06/13/22,05/11/25
1550,2775,72695.24,3.33,12/29/22,09/23/29
1551,743,48674.11,2.61,06/28/20,08/28/26
1552,2895,62264.66,3.31,05/15/20,09/25/20
1553,46,73437.76,4.57,11/12/22,01/22/24
1554,2833,26149.69,4.43,01/09/23,02/27/25
1555,3055,71349.95,2.16,11/27/23,09/18/29
1556,485,15513.99,3.88,06/16/23,08/24/26
1557,3080,84333.49,4.79,10/28/20,02/13/21
1558,2371,47691.3,2.06,10/12/23,02/20/28
1559,2978,51186.82,2.27,09/13/23,04/20/24
1560,764,89927.89,3.13,01/12/23,04/14/24
1561,674,56692.84,4.47,03/12/23,05/28/27
1562,1362,72763.56,4.56,01/24/21,12/24/24
1563,3143,74912.09,3.27,02/08/23,10/14/26
1564,1499,70201.87,3.9,10/26/20,05/05/24
1565,1170,11656,2.94,05/26/21,02/09/27
1566,2873,84506.29,1.51,02/05/20,07/15/28
1567,3207,63102.72,2.99,01/02/20,08/03/28
1568,3382,90962.77,2.6,10/25/22,11/10/29
1569,2087,80269.17,2.51,01/04/23,06/30/29
1570,1047,74358.28,1.58,10/24/20,06/04/24
1571,2025,28090.42,2.38,03/25/23,09/22/25
1572,1370,36804.15,1.63,09/14/20,08/10/24
1573,1305,12883.4,4.35,06/16/23,10/15/29
1574,2827,70794.35,3.73,05/22/20,09/19/20
1575,855,42919.74,2.73,03/26/23,03/29/26
1576,2855,74221.61,4.34,10/19/22,11/01/27
1577,35,18745.47,4.49,01/17/22,05/14/24
1578,1416,39045.34,2.59,07/06/22,09/01/26
1579,2789,92369.47,2,10/19/22,04/08/28
1580,2180,73411.1,2.59,06/21/23,08/24/24
1581,2738,96391.95,1.8,10/15/20,02/05/26
1582,977,79048.24,2.82,08/03/22,08/04/28
1583,417,9258.34,3.76,03/13/23,10/03/26
1584,2849,5178.9,4.16,01/06/23,05/25/28
1585,2257,63484.05,2.16,08/04/21,03/21/25
1586,654,83299.42,1.79,04/30/20,03/17/29
1587,1782,58136.24,4.43,09/08/22,08/31/26
1588,3050,74404.66,2.5,01/07/23,02/23/24
1589,1953,97182.38,2.24,08/07/23,03/23/29
1590,2931,9231.17,4.77,05/25/22,07/06/23
1591,2016,30667.84,4.56,08/19/21,07/29/24
1592,1742,9176.15,4.66,11/23/21,04/23/29
1593,336,86792.31,4.62,09/30/22,10/05/26
1594,3126,28189.88,4.44,06/08/20,11/02/23
1595,1429,78555.28,2.96,04/13/20,12/02/25
1596,1369,49677.33,3.1,10/15/21,10/17/22
1597,2840,57898.27,2.39,01/17/23,04/30/25
1598,1050,50302.98,4.34,03/06/23,09/25/27
1599,8,96358.51,3.76,07/06/21,06/17/24
1600,821,63646.15,3.53,05/23/21,10/14/28
